key,value
0,00025152031
1,00049053028
2,00074434113
3,14789040005
4,00409163201
5,54569336000
6,00247108052
7,08290003528
8,00172571210
9,00338050941
10,51079055620
11,00048105013
12,52544007730
13,00074490223
14,00046087293
15,00456321063
16,00409904502
17,68084030401
18,00536476301
19,00093738001
20,00071080640
21,00078035580
22,51079089120
23,00087277235
24,00074454102
25,61570031311
26,00004026706
27,00517155025
28,67211010201
29,37000002901
30,66479002182
31,00173010793
32,00015300120
33,65649030141
34,61553074004
35,00074492818
36,00046086881
37,00071015523
38,00054872425
39,00085117701
40,55390076210
41,53303009030
42,00338105548
43,60793070210
44,00074806201
45,00169008481
46,00074318201
47,00093075601
48,00029152725
49,68084024301
50,00143148001
51,51991040516
52,50383082316
53,25010020515
54,00056017675
55,00004050109
56,00008083721
57,00591319872
58,00904505359
59,59730839901
60,00378911916
61,00087607411
62,00003196601
63,00015347530
64,15127020017
65,00078010305
66,00172436560
67,11793752202
68,00075245153
69,59011010010
70,00006046206
71,00054019813
72,00054001920
73,00904627961
74,51079074620
75,00409127332
76,00121041910
77,00591564301
78,58177009111
79,00002445485
80,13310011907
81,00074176201
82,39822027702
83,00054453825
84,24385013395
85,45802073232
86,00067434504
87,00781202701
88,00121058104
89,00703702103
90,51079000420
91,64455099395
92,00004025901
93,10631040701
94,00089020025
95,00409427001
96,00703877103
97,00172433110
98,00703352403
99,00185094098
100,00065024605
101,53489055201
102,00074126130
103,00182121301
104,68084018301
105,00338001701
106,00338101741
107,00009004902
108,63323039923
109,00182050789
110,00409955810
111,00182181089
112,00093960412
113,58980062570
114,55390013110
115,00172541310
116,54868442102
117,00338035703
118,59011010020
119,00074662902
120,00641047625
121,00051842530
122,00591319301
123,00409915701
124,00023218105
125,00409420101
126,00006362836
127,54569170102
128,00168004631
129,00182820289
130,51079032301
131,00904571135
132,00087606313
133,00409318101
134,67467084304
135,00944049101
136,51285075402
137,00074231650
138,51079089020
139,00083380104
140,00338519741
141,10019007001
142,63323047401
143,00517030110
144,00075062403
145,51079048020
146,00006382310
147,00078044205
148,00173073002
149,00074427701
150,54629014510
151,00088120343
152,51079079320
153,61703041464
154,00597008717
155,00456430008
156,51660078701
157,00472075516
158,00074190201
159,00065009205
160,00065065625
161,49502069724
162,00002897101
163,74300000068
164,42023012225
165,00456333001
166,00074427601
167,54569009300
168,00456045963
169,00007315518
170,00024540134
171,00173069602
172,00472500360
173,00072810015
174,00270055615
175,00029608621
176,51079048101
177,00338004910
178,59148001665
179,00006003220
180,00054354563
181,00054815624
182,58281056104
183,60432054760
184,51079032730
185,58160082011
186,61451501507
187,51079027920
188,51079067005
189,59075063010
190,51079090620
191,00065027510
192,61570011156
193,51079006820
194,00469520130
195,00472008216
196,00591083960
197,51079001520
198,17478029111
199,43068010202
200,00283067902
201,52268080005
202,23360015250
203,63323047820
204,52544047030
205,66521020002
206,00409152202
207,52544047108
208,55390014301
209,38341006545
210,00409672924
211,00015733912
212,00555099702
213,00003196701
214,59011041020
215,00089030510
216,54569191701
217,00054858324
218,59148000913
219,00002323560
220,00046037406
221,00168008031
222,00074621211
223,00574082301
224,63402030430
225,00187310130
226,00009005605
227,00173093308
228,00075008200
229,00054413025
230,51285003893
231,00069421030
232,00703418301
233,51079028621
234,00064501015
235,00054865724
236,00002411260
237,50419035703
238,00008039004
239,00078044805
240,51079081320
241,00641276543
242,00517391025
243,00074234301
244,00078018003
245,00078047015
246,00074436510
247,00006011731
248,00121176130
249,00071036940
250,00182074767
251,00074349201
252,68258912401
253,00378912398
254,16837085839
255,00904627861
256,57706075423
257,59148001315
258,00173042400
259,55390060502
260,00013010501
261,00338070541
262,00006011728
263,53169010260
264,63395010105
265,00555098040
266,00054855424
267,00395100391
268,00045025501
269,00048580501
270,63323016201
271,00093519401
272,00944270005
273,50111052901
274,61379012005
275,50458033001
276,00169008281
277,54569482400
278,00338101102
279,00031670972
280,00338070948
281,10147170007
282,00409311831
283,00904555960
284,63323001201
285,00406112101
286,51079081020
287,00004003822
288,00085175502
289,00406990762
290,60793020505
291,00703940204
292,00054872925
293,00024120006
294,62584075001
295,00006073528
296,00015300220
297,00052045016
298,00015050401
299,00029152544
300,00045044804
301,00049491041
302,55887019190
303,58177003106
304,55390048001
305,51079041820
306,00006487600
307,63020004901
308,00054823301
309,10019003473
310,00169750111
311,51079022020
312,54569325100
313,00310028039
314,00085174102
315,54569452500
316,00173095396
317,00003049420
318,00069306086
319,00165005441
320,24208055555
321,00173052000
322,51079030020
323,54092025290
324,00009454401
325,00048107013
326,29336030510
327,00205530594
328,00088120806
329,17270072101
330,00074241421
331,00597004724
332,00597006661
333,37000002404
334,00173046002
335,00045006701
336,51079058720
337,00781711355
338,00074372301
339,00487590199
340,00409117830
341,00456046163
342,00065027105
343,00186109039
344,00469325010
345,51079014120
346,63459039120
347,17314930001
348,00083260901
349,51079060420
350,51079096020
351,51079014820
352,49281040015
353,61570003310
354,50222026006
355,50633012011
356,00089061012
357,63739007910
358,51079063420
359,00026431202
360,00013746686
361,58468010002
362,00591354060
363,00677117401
364,58177023811
365,00310032165
366,50458022115
367,00121059530
368,49884067314
369,00603137859
370,54569146000
371,00182845389
372,11980002515
373,00766147010
374,00904062960
375,00517760425
376,00781328379
377,00904227260
378,00173099156
379,00338114703
380,00049343041
381,00088171249
382,00548604525
383,66479024725
384,50458031528
385,00078033705
386,00054350547
387,10019025012
388,00406035762
389,55390012210
390,00904053061
391,00074205105
392,00074416901
393,00093894701
394,00009454402
395,00310032520
396,00536435805
397,54092006301
398,00469520230
399,58177022204
400,00409915801
401,59310057920
402,60505258600
403,00074159304
404,52544063028
405,00093731601
406,00555090201
407,00009014102
408,00024123105
409,00338107302
410,00074568216
411,63010002770
412,00409471332
413,00378911293
414,00904578961
415,50458003305
416,00364073990
417,00085117902
418,00378087399
419,00029607531
420,00245002322
421,00409128331
422,00074427001
423,00065064435
424,00074390413
425,50474000263
426,51927274200
427,14789030002
428,00182090401
429,00487980130
430,00555080802
431,00904208560
432,00904567761
433,00310027139
434,00228263111
435,54868277600
436,60432054660
437,00781104801
438,68180012401
439,00703408511
440,51079027720
441,00015797020
442,00074377804
443,00264310311
444,00310013039
445,00186045158
446,51079054220
447,00409176102
448,00069080860
449,00172717149
450,61570054120
451,59011010510
452,51672412401
453,68188093190
454,00054872525
455,50419010111
456,00093046301
457,00173041200
458,00338269175
459,51285094288
460,54868349200
461,00008092681
462,00054873525
463,00165002241
464,00002411633
465,00004196301
466,00078034445
467,00904567861
468,00591079601
469,00186109005
470,51079095801
471,00409121201
472,51079078720
473,00364049590
474,00074910420
475,13533061810
476,00338050748
477,00409109732
478,00168026615
479,00781183801
480,00024134803
481,00065401303
482,00026848858
483,58016050902
484,00002411233
485,00472030680
486,23317033128
487,66553000401
488,63323031510
489,00430301015
490,51079010720
491,00026063203
492,00006775331
493,63304099501
494,00009000602
495,46287000660
496,00487980125
497,00002735501
498,10432017002
499,60793058110
500,00067099012
501,00172234560
502,52544049401
503,52769045050
504,55390088110
505,66591080030
506,00004592001
507,60492005201
508,00338001704
509,58177000111
510,00998033105
511,00597003928
512,00093910729
513,00131181067
514,00078005405
515,54868133201
516,60492005101
517,00004200378
518,59148002050
519,00472132002
520,53014025001
521,63304020301
522,00378087199
523,00264190955
524,00187355510
525,00006003121
526,64455099394
527,00409729501
528,50962025160
529,12870000102
530,00143129001
531,59762503101
532,00597008461
533,63323013011
534,00054352763
535,00026819763
536,00074949202
537,00264780010
538,00517083001
539,51079092820
540,00904150061
541,50474059240
542,00085171603
543,00003056902
544,63304020518
545,00173004535
546,00186502228
547,00187301220
548,51079095701
549,00186502031
550,24208036705
551,00904518661
552,54569405900
553,55390016010
554,00590032435
555,00378504191
556,00024135301
557,00074118002
558,00781178513
559,00071015740
560,00781143813
561,13533063402
562,00003010150
563,00087003901
564,00078034905
565,00005197067
566,00517570225
567,00008001901
568,60432046600
569,00364049490
570,54868410300
571,59730640201
572,62584081201
573,51079087101
574,63304052020
575,59762501701
576,00310013110
577,00364064901
578,00182005301
579,54868438100
580,51079010320
581,00004006850
582,64980013009
583,00409405201
584,00054301050
585,00904264860
586,00034234019
587,59148007091
588,00409335601
589,00300364201
590,00338051902
591,00006361932
592,51079046220
593,49452080001
594,00406831562
595,51079043820
596,00904399161
597,00054002025
598,65649010102
599,11980077905
600,00182055789
601,68188093590
602,62175017737
603,62037069790
604,00024123305
605,00015740420
606,00168002738
607,00049275041
608,00121075210
609,00173036238
610,00169368512
611,00078037606
612,00641049125
613,00074194063
614,00054485906
615,63323006420
616,68084044701
617,32909094503
618,00186116502
619,61314063705
620,00054818125
621,00083006130
622,00149047201
623,00074614309
624,00456060010
625,00182004701
626,61703040242
627,51079073420
628,00078036864
629,53014085072
630,00245008011
631,00264751010
632,50458092010
633,54868234003
634,00781139313
635,00002202402
636,63004773101
637,55513054610
638,00904578561
639,00093894393
640,00456201001
641,00049001383
642,55390006710
643,59746011209
644,00008412601
645,61553025409
646,00074340001
647,60793010401
648,00469087202
649,59676057001
650,67386051151
651,00456005001
652,55390007710
653,67457021102
654,00025273234
655,00456261663
656,00004026249
657,68084020601
658,00186103301
659,53905006501
660,00409117102
661,00338004938
662,00074663734
663,00074333330
664,00555013809
665,00781103213
666,55390080901
667,52769057466
668,00168000680
669,00168000480
670,44206310101
671,68516521102
672,00074336811
673,00085075604
674,00087601142
675,42023011510
676,58063060050
677,00168003830
678,00071041813
679,49281028605
680,00013700112
681,60505250201
682,51479005530
683,51079094420
684,00115351101
685,49502050001
686,51079078820
687,00078005406
688,00182402889
689,00121064610
690,61314020315
691,24208063562
692,61703024350
693,00781107101
694,00054829925
695,00781305714
696,00904563461
697,51079060520
698,00078035105
699,00677059802
700,46287050030
701,00074433902
702,00121177505
703,51079078320
704,00310027539
705,00517180525
706,66479013619
707,61570004710
708,00024414260
709,58468002001
710,00409190301
711,63323026530
712,00173046500
713,54482005301
714,00781317796
715,59762501801
716,00009338101
717,00074190301
718,51079028420
719,59762171002
720,60793011601
721,00008092303
722,51079011820
723,24208058564
724,55390056630
725,00121065304
726,54569430700
727,17236088901
728,54569405200
729,63323039810
730,00029321213
731,00069308030
732,42023011410
733,57902024901
734,00172375473
735,00006043268
736,00045063965
737,00310072010
738,49884065001
739,00472128416
740,00496074804
741,00245018201
742,58177000104
743,00409212288
744,00003045051
745,00054319446
746,00072026006
747,00087565041
748,54569105100
749,63323013210
750,51079052020
751,00364737672
752,51079011520
753,00517345025
754,00006027731
755,66220020730
756,59762372802
757,00093065701
758,62991150902
759,55513014810
760,00054368663
761,00536391301
762,00003085222
763,00004024126
764,00049342041
765,58177022211
766,00054870725
767,24208075060
768,00026851348
769,00009338102
770,51285076993
771,00054372144
772,00074471302
773,10019001617
774,00002717510
775,57706075323
776,17478021612
777,50474059440
778,00703324811
779,58468012001
780,00496071604
781,61570004935
782,00245000331
783,00182004789
784,00008104110
785,00145062805
786,39822070602
787,50458032006
788,63256020005
789,00904174861
790,66993000860
791,00603153258
792,51079065720
793,00173069604
794,60793001108
795,00087040303
796,52604510001
797,00054834425
798,00998020215
799,00029321121
800,61958070101
801,00469281030
802,00182137640
803,00149003005
804,00009347503
805,00054380563
806,00338001738
807,00074141204
808,67919001101
809,00904567661
810,00472011720
811,58177088601
812,00223176001
813,00078040105
814,00115191101
815,68084004411
816,66685100202
817,00005460923
818,54868089801
819,00054001820
820,00078018325
821,53014067870
822,00409130431
823,00078045735
824,00173099155
825,51079036430
826,51079037520
827,51079007620
828,00078031154
829,00006335645
830,00597003234
831,00008417704
832,64253033335
833,55390013301
834,00409592101
835,00781149731
836,00310028239
837,00083000730
838,00074380711
839,12136000910
840,00548604325
841,51079068520
842,00172531110
843,00641254745
844,51079005820
845,00008117901
846,63323076350
847,52152002002
848,00078018001
849,00006354120
850,00078018203
851,55390020910
852,59011044020
853,00245009101
854,00173023044
855,12496130602
856,00182178989
857,58914011110
858,00029485220
859,00378252093
860,00078024915
861,59676056101
862,51079068320
863,00781305780
864,00074010304
865,66435020115
866,00054422125
867,00087667217
868,00517571025
869,00338055318
870,00186190601
871,65649040130
872,00074302401
873,00904516561
874,00182101701
875,39822010001
876,00044182610
877,00904125161
878,49884060036
879,51079073320
880,67467064301
881,55390011405
882,00078032406
883,00395224391
884,00072690505
885,00338604537
886,00044182110
887,59390006717
888,00074662411
889,00187093801
890,00051845030
891,68084038801
892,00074672903
893,47682021701
894,00083260104
895,00062535001
896,00904336561
897,10019007587
898,00004024648
899,00009454102
900,63672105002
901,59762501901
902,00168002135
903,00430002324
904,00004018401
905,00206882002
906,00703507937
907,00004012149
908,00008418806
909,00469060773
910,08489800001
911,51079020220
912,00173044202
913,51079059720
914,00310037720
915,38779057808
916,00074427501
917,00054829725
918,00044182712
919,72140085731
920,54569265700
921,25382012634
922,00904553561
923,59730560101
924,51672126302
925,49281024010
926,49281038215
927,58177032304
928,00015710328
929,00074636902
930,00087015846
931,10019063002
932,54868370400
933,00472153304
934,54092017212
935,00172567310
936,00064100001
937,10019055302
938,00069265041
939,00597010760
940,63323040302
941,00083006230
942,00409672923
943,00009082501
944,00046110281
945,00093527201
946,00409317801
947,00703407559
948,11523726808
949,51079077120
950,00338500341
951,00039022110
952,00025103134
953,00904564061
954,00074228013
955,50383068304
956,00173017755
957,51079063020
958,54868479700
959,00074490234
960,25021021350
961,00517570425
962,00093015506
963,65473070509
964,00904521735
965,00409606211
966,00046326510
967,66993004730
968,00378002801
969,52604109501
970,00004038039
971,38779041004
972,00054368263
973,50458022304
974,00006096328
975,00046086799
976,00597018390
977,51079074220
978,00078017905
979,00409909422
980,63481020516
981,00108380620
982,00085170103
983,00083001630
984,00007313505
985,51079061020
986,00677053333
987,00904526161
988,00071374066
989,54092017312
990,55390023301
991,00713016612
992,51479005420
993,00075800180
994,66479052001
995,10019025112
996,00088120632
997,00206886201
998,00310072025
999,11980018005
1000,00264310511
1001,00781143913
1002,00029657126
1003,00054858224
1004,10122090212
1005,11509021217
1006,00074434673
1007,00536478701
1008,60505056802
1009,00087058011
1010,74300000300
1011,00008499002
1012,00008499020
1013,00004196201
1014,00310060060
1015,00172566410
1016,00045064165
1017,00121177510
1018,00049155066
1019,00088120876
1020,00054852725
1021,51079054120
1022,00007365021
1023,00186115002
1024,00006354114
1025,00378041501
1026,51079090601
1027,00517013410
1028,63323018610
1029,00168020160
1030,00172436310
1031,52544093001
1032,52268010001
1033,51079042420
1034,00338055311
1035,57844091401
1036,00168000415
1037,00781526564
1038,51079009520
1039,00074621213
1040,63323087715
1041,00781710955
1042,39506002260
1043,00173071920
1044,59572010201
1045,55390004501
1046,61147800903
1047,00169183411
1048,00013530117
1049,61570054002
1050,00004025001
1051,00054317763
1052,00008058113
1053,00264934155
1054,00409427601
1055,63653117103
1056,00074704101
1057,00409669501
1058,51079056520
1059,00078033706
1060,00009079601
1061,51079074320
1062,00087665001
1063,00009026002
1064,00904580961
1065,58177025504
1066,63739012710
1067,10019095601
1068,00904105561
1069,24486060110
1070,00068021217
1071,39822061501
1072,00338043103
1073,00409781124
1074,00045006601
1075,00026851448
1076,51079056620
1077,00555097102
1078,50458030201
1079,63323017302
1080,00009074635
1081,00185077130
1082,64764091830
1083,00087057007
1084,00173038354
1085,00006004368
1086,61553015311
1087,00781323909
1088,50458039660
1089,63459010001
1090,00078022644
1091,61314022705
1092,51079092920
1093,00054814622
1094,00054848616
1095,00409978903
1096,51672402301
1097,60574411101
1098,00069419068
1099,51079093120
1100,00075245001
1101,51079011620
1102,65649030105
1103,51079097120
1104,00173063302
1105,49281048901
1106,00046047399
1107,00093026215
1108,68220014015
1109,64980013101
1110,00536468301
1111,51079025520
1112,00781143901
1113,00029152611
1114,51079032220
1115,63481062375
1116,00168005515
1117,00548590000
1118,50458039530
1119,00054355563
1120,49884085692
1121,00049318030
1122,00075062300
1123,51079081420
1124,00074779362
1125,00187301030
1126,51079089101
1127,00074444005
1128,00409131230
1129,00054850016
1130,00074382611
1131,59730420301
1132,66685100101
1133,00173049400
1134,00002762301
1135,60432003864
1136,00024225304
1137,00074706911
1138,51079066420
1139,00517209625
1140,00168003631
1141,54569533900
1142,65483070210
1143,00472120006
1144,00409158411
1145,00023791560
1146,00409163802
1147,00338001703
1148,59630045016
1149,00074120301
1150,61703022680
1151,00469511601
1152,00008412501
1153,00006351903
1154,61703020431
1155,00409118069
1156,00173094556
1157,00008083303
1158,00008081401
1159,58160087546
1160,49281027183
1161,00075291202
1162,00703841101
1163,25010071115
1164,00703095603
1165,00338500241
1166,00093077198
1167,00087081843
1168,45802073032
1169,00006461200
1170,00071101468
1171,00054802625
1172,62174057751
1173,51079006920
1174,00781940895
1175,45802046564
1176,24208046325
1177,00074724803
1178,49884094174
1179,00591359360
1180,18860034201
1181,00713016512
1182,17478028435
1183,42998020301
1184,00409793124
1185,00182070201
1186,59572030101
1187,59011044225
1188,00029609039
1189,00002704001
1190,00087667317
1191,55566504001
1192,00046047199
1193,00074420101
1194,51079052720
1195,00049001483
1196,17317038904
1197,55326020025
1198,00310020130
1199,00904565261
1200,00026885148
1201,00409198530
1202,00904052361
1203,68094021462
1204,00078037615
1205,59730420201
1206,63304094110
1207,61570011001
1208,00173066400
1209,67386071155
1210,00409317701
1211,00065039602
1212,51079009120
1213,10019001303
1214,65847020525
1215,52544014926
1216,00002411560
1217,00071101441
1218,00228206710
1219,00004200278
1220,00078018201
1221,59676030201
1222,00409662502
1223,00006006568
1224,59676020101
1225,00703301812
1226,13551050105
1227,67618015001
1228,00002140701
1229,63323018410
1230,53014083572
1231,10337065010
1232,00009006406
1233,00641018025
1234,08290036005
1235,00003363112
1236,54569022500
1237,00338101341
1238,51079064420
1239,63323002101
1240,00641607325
1241,00904597661
1242,51079034820
1243,00904585361
1244,17314960001
1245,00074118069
1246,68084026701
1247,00173056200
1248,00091334201
1249,68094019361
1250,00766004548
1251,00074915801
1252,54569122400
1253,00007413920
1254,62856024641
1255,44206025110
1256,00574703612
1257,00074230401
1258,00456064416
1259,67457021501
1260,00054819216
1261,68968449201
1262,49281080083
1263,00406055262
1264,00004003909
1265,00121073312
1266,00677176801
1267,63323011710
1268,00093435693
1269,49884079374
1270,00093312701
1271,00149071001
1272,00034050010
1273,55513014801
1274,00023050601
1275,00781139713
1276,63010001027
1277,00074606202
1278,00039007810
1279,10019021301
1280,51079000720
1281,00409904202
1282,50580029304
1283,17317001801
1284,58160087646
1285,55390000401
1286,00069152068
1287,00074663322
1288,00008077102
1289,51079062485
1290,49281037215
1291,00074198530
1292,00078035084
1293,00781315796
1294,59011010320
1295,00173024956
1296,00781570192
1297,00409318201
1298,00944058101
1299,00149000977
1300,00172375910
1301,00074612390
1302,00339565712
1303,00054458111
1304,00054412125
1305,51079008620
1306,00517234010
1307,63323065102
1308,64019053825
1309,00206886202
1310,00574410310
1311,53489038601
1312,00074334603
1313,00005534323
1314,00062017512
1315,00338004304
1316,00054001720
1317,00071241823
1318,00009090020
1319,51079051820
1320,61703024615
1321,00074443705
1322,59075059415
1323,00904775960
1324,00703424801
1325,68734071010
1326,00066043115
1327,00168000580
1328,63323006661
1329,00904215461
1330,00904292061
1331,51079006720
1332,00093026492
1333,00072571208
1334,68516320003
1335,17478006412
1336,27505000165
1337,63402051224
1338,54569198900
1339,00065024620
1340,00046087221
1341,00173071900
1342,00054855324
1343,67767015101
1344,00378087299
1345,51079079420
1346,00004024515
1347,00407193103
1348,00074449803
1349,63323037701
1350,00781526664
1351,00054881755
1352,00002751001
1353,00904553661
1354,00143120101
1355,00430075227
1356,00206885516
1357,00054864816
1358,51079095901
1359,00007550040
1360,00054822225
1361,00904421813
1362,00555044609
1363,00904552461
1364,00078012706
1365,54868252200
1366,00006394132
1367,00172428000
1368,00074978901
1369,55513026710
1370,00409780922
1371,35356024832
1372,00007489320
1373,63323027205
1374,57665033101
1375,00186429100
1376,00078042306
1377,00007313116
1378,63323031461
1379,00083005232
1380,00004026449
1381,00085411001
1382,59762308001
1383,00406833062
1384,61924018808
1385,00009011312
1386,00032192824
1387,59730640101
1388,00034210001
1389,55390016210
1390,00078036545
1391,51079045120
1392,63323031110
1393,00015050301
1394,00091370701
1395,00085137001
1396,00024120301
1397,66733094823
1398,62037087201
1399,00310040260
1400,00007336344
1401,00054412925
1402,00069580043
1403,00143148401
1404,00007336203
1405,00169183311
1406,00364071605
1407,00078014923
1408,61553011841
1409,51079020120
1410,00026815120
1411,00641037625
1412,50962080060
1413,00168005960
1414,54569189502
1415,00074132305
1416,00046047181
1417,60505056701
1418,36000000124
1419,00093065801
1420,00574711212
1421,00703102030
1422,55390020401
1423,00003223011
1424,00781143613
1425,24208054505
1426,11980017405
1427,00075062431
1428,51079093020
1429,00074697805
1430,00006073128
1431,23360005142
1432,00182138167
1433,00049490041
1434,00006382210
1435,00173049900
1436,00054817625
1437,55390060020
1438,50458016601
1439,54569040401
1440,00904579461
1441,00074131701
1442,52054033010
1443,49281058905
1444,49281064015
1445,00436058532
1446,63323054031
1447,00168007115
1448,00409427701
1449,00904792638
1450,49884078253
1451,67386091151
1452,00258362501
1453,00310070539
1454,61570041451
1455,59075069181
1456,54569317800
1457,00904105661
1458,00071000724
1459,00008103007
1460,00069315083
1461,00338005403
1462,66479002356
1463,00338102541
1464,50419010511
1465,00256018501
1466,00088115330
1467,00002871501
1468,00310027839
1469,51672126403
1470,00574703412
1471,00904782231
1472,68115017430
1473,65473075401
1474,58063070510
1475,68084027501
1476,00074405101
1477,00187320010
1478,52604710001
1479,00173019892
1480,00029608031
1481,00009035201
1482,00078024015
1483,57665000202
1484,00003083050
1485,00009043624
1486,00186023003
1487,00078040605
1488,00173093356
1489,13533064520
1490,00049052083
1491,55513022101
1492,00074464601
1493,00409233610
1494,00037024130
1495,50419000201
1496,00436093616
1497,00338004501
1498,00536440601
1499,00904322035
1500,00409488850
1501,00023916332
1502,00034234003
1503,00044101710
1504,51079000522
1505,00056060128
1506,00029315818
1507,00173065644
1508,61703022543
1509,49502068503
1510,51079090520
1511,00046074905
1512,51079043720
1513,16563009802
1514,67457019015
1515,00781215901
1516,00409433201
1517,54569518100
1518,00074126102
1519,00024515010
1520,00206886002
1521,00555027202
1522,51079000920
1523,00045034360
1524,00904401408
1525,00007489220
1526,00054816303
1527,00049343626
1528,00781312595
1529,00087120213
1530,00074610204
1531,00574202001
1532,60951065616
1533,00172443510
1534,00078038566
1535,00072254006
1536,00998020415
1537,44087081808
1538,49281025051
1539,53169010360
1540,00409233725
1541,00026556161
1542,63323073310
1543,00472037145
1544,00173041300
1545,00064501030
1546,00406051262
1547,00409650901
1548,51079012220
1549,00904224461
1550,00182013801
1551,58468035703
1552,66658023407
1553,00409427501
1554,63481007270
1555,50458030611
1556,54569532200
1557,00054350049
1558,00168035755
1559,00009766304
1560,55390011301
1561,00173067502
1562,00054856304
1563,00409662902
1564,10019004603
1565,00703831503
1566,42002030001
1567,68084018601
1568,00338008904
1569,00245021201
1570,00002726601
1571,51079005520
1572,00002755901
1573,58914078510
1574,00904794160
1575,54569288100
1576,00003272510
1577,51079080120
1578,00406051201
1579,00078037366
1580,00074121201
1581,17478020510
1582,00206885416
1583,00085330601
1584,00003515405
1585,00409771503
1586,55513003904
1587,63323042405
1588,00089130130
1589,00074347303
1590,00904041161
1591,00093542088
1592,00054828104
1593,68084037421
1594,00641032025
1595,58016103201
1596,63481062410
1597,24208029525
1598,00054813916
1599,00409117630
1600,00074130431
1601,00173046400
1602,55390007310
1603,00641243645
1604,00074491023
1605,00054852625
1606,49999026728
1607,51079016320
1608,00074909431
1609,00078035752
1610,00008104005
1611,52268020001
1612,51079009220
1613,00597008353
1614,00591359160
1615,00338040360
1616,00078024615
1617,00054830125
1618,00904282161
1619,00998020815
1620,00173024256
1621,00093022390
1622,59762172001
1623,51079013120
1624,51079028020
1625,00168005615
1626,00904504260
1627,54569523500
1628,50383023310
1629,00536337701
1630,00075062280
1631,58406068316
1632,00186151503
1633,50458060228
1634,00054008620
1635,00173063535
1636,00074117830
1637,49938010130
1638,00054011625
1639,00245014701
1640,00009085608
1641,00781345196
1642,58468002101
1643,00078035680
1644,00469321110
1645,00002756101
1646,54868503400
1647,00074233211
1648,51248015001
1649,59572020594
1650,00071400705
1651,00338007704
1652,00054818025
1653,61570017261
1654,00574722406
1655,00182181144
1656,00006327516
1657,52959040250
1658,00006778433
1659,00006057362
1660,00409144304
1661,54868439600
1662,00121174410
1663,54868248901
1664,00186041201
1665,00469061711
1666,00574704512
1667,57480042401
1668,00338049102
1669,00002821101
1670,51079058920
1671,00364115001
1672,00054372763
1673,32909071503
1674,50580060150
1675,68774060001
1676,54569463100
1677,66490069010
1678,00703480503
1679,00087667117
1680,74312000660
1681,00430016724
1682,00173034447
1683,63323073410
1684,51079090220
1685,10939011801
1686,00310030011
1687,00777310402
1688,00004692506
1689,00574012008
1690,51079079001
1691,55390056605
1692,00074606211
1693,00048580601
1694,52015008001
1695,53014097572
1696,63323020110
1697,51079020520
1698,41679036513
1699,25021011210
1700,00641240341
1701,00074488710
1702,72140045585
1703,00300154111
1704,00074592201
1705,67286005308
1706,58177029311
1707,51079087201
1708,59338077510
1709,00641255545
1710,00067094915
1711,68135045502
1712,00002416530
1713,00004014301
1714,53014084261
1715,00074611411
1716,51079098320
1717,54569433200
1718,00395200391
1719,10019017844
1720,00904344061
1721,00378912498
1722,00338102141
1723,00054860425
1724,50474059140
1725,50458093010
1726,00338067104
1727,00074259605
1728,00517460125
1729,00032160280
1730,67286417701
1731,49452355001
1732,00004196401
1733,00025540134
1734,00009338202
1735,00409189001
1736,66591093142
1737,55390005710
1738,59772704602
1739,00008103003
1740,00641048225
1741,59310017780
1742,61113045158
1743,10267146501
1744,00054873325
1745,00409234632
1746,00904107061
1747,17314940002
1748,00182504749
1749,00093521193
1750,00168002131
1751,61570042003
1752,00406577162
1753,00078024115
1754,00338004802
1755,00085048781
1756,00472003616
1757,50383017290
1758,
1759,63739035410
1760,00173073500
1761,00173064255
1762,60505018500
1763,00121067304
1764,00074405001
1765,00781320495
1766,00006095128
1767,00703904003
1768,00904568461
1769,54569281400
1770,51991045757
1771,00641039425
1772,00998031105
1773,00069582043
1774,00026285570
1775,54868152102
1776,00005075323
1777,00517101025
1778,00186023503
1779,00071027024
1780,00677178110
1781,00049398041
1782,54569204000
1783,50458055110
1784,50111048303
1785,54569391600
1786,00085113601
1787,61958050101
1788,24208073501
1789,00536138912
1790,58177020211
1791,00024135202
1792,00006336603
1793,39822041206
1794,00074364103
1795,00052045015
1796,54868365200
1797,51079029072
1798,00088216030
1799,00008103110
1800,00054853516
1801,00469882030
1802,00472037045
1803,62856060001
1804,00168001431
1805,00007351920
1806,42023011801
1807,00056017475
1808,00006473900
1809,00002324030
1810,00173099394
1811,00168006060
1812,00074130401
1813,00186027613
1814,62053053425
1815,54569104600
1816,24208027507
1817,00536479901
1818,51079048620
1819,00777310533
1820,00168005760
1821,54092018981
1822,00054834225
1823,65597070118
1824,63323038120
1825,63323038810
1826,00015321230
1827,00093738201
1828,00015301020
1829,17478006235
1830,00008033901
1831,00169008181
1832,00409660902
1833,50242008527
1834,00074605713
1835,00054317644
1836,00548301100
1837,38779003504
1838,00338601048
1839,00009012101
1840,60977045101
1841,66213042316
1842,66591023921
1843,00015309520
1844,51079019120
1845,00364202690
1846,59676056001
1847,00093688871
1848,00168020437
1849,00007440106
1850,10139023511
1851,49702020218
1852,00781197101
1853,00045051372
1854,00015321530
1855,55390046001
1856,00052010630
1857,53489040001
1858,00409665305
1859,00182116189
1860,00409491134
1861,00703430102
1862,00143989701
1863,00942064104
1864,00998030315
1865,52959053614
1866,00641111433
1867,62856058230
1868,00409317802
1869,16500053504
1870,61958010101
1871,00009509101
1872,00409488810
1873,00186108805
1874,00067014568
1875,51079097220
1876,00904054460
1877,00049156066
1878,00186103001
1879,50242004413
1880,00067033322
1881,00591566101
1882,25010040515
1883,17478093401
1884,00258361301
1885,57894003001
1886,39822020501
1887,00071080340
1888,00781178501
1889,59148000935
1890,00338101948
1891,50458030811
1892,00338000404
1893,54868229700
1894,63010001030
1895,54092018701
1896,00075245101
1897,68084007001
1898,00046047081
1899,50458040101
1900,10019002804
1901,00062141101
1902,00904771961
1903,00555001105
1904,08880950505
1905,00597002901
1906,00071053523
1907,39822105505
1908,00032121001
1909,00089030710
1910,00536135012
1911,00009379401
1912,00074234632
1913,00904205159
1914,00409146301
1915,54868381600
1916,00548124000
1917,00703115303
1918,00641111834
1919,00409614309
1920,58160082611
1921,59075062510
1922,51079051620
1923,00409115902
1924,00078018103
1925,00003067371
1926,00093528201
1927,63323026801
1928,63323054207
1929,00004005850
1930,00168032608
1931,63323023420
1932,54643582000
1933,00028007201
1934,58406043504
1935,00049350079
1936,10019001654
1937,00065079515
1938,55390041010
1939,54868308400
1940,49281037415
1941,00065035902
1942,65231002101
1943,00032170801
1944,51079045620
1945,50458058010
1946,49452477503
1947,00264958720
1948,63323042610
1949,54569535100
1950,00002323930
1951,00536479301
1952,00168007938
1953,00904588861
1954,00517540205
1955,00093312501
1956,64764015104
1957,25010021027
1958,00078012606
1959,38697601501
1960,55390048101
1961,52604710201
1962,00186085981
1963,00078034261
1964,59772704701
1965,00173044902
1966,00054023624
1967,00074332901
1968,65483011607
1969,00029316020
1970,00044101101
1971,49281086010
1972,00364031401
1973,00052010590
1974,51079069020
1975,54569124700
1976,00173013555
1977,00087057009
1978,00004016201
1979,00597001314
1980,13533063603
1981,00044101201
1982,51079067820
1983,60977011501
1984,59911587001
1985,00025172003
1986,54569446601
1987,00009019009
1988,00074490334
1989,00069267041
1990,51079027820
1991,00048108003
1992,50458032001
1993,00168032630
1994,00009722402
1995,66993084225
1996,00069551066
1997,67386050152
1998,65293000101
1999,55390011010
2000,00173052600
2001,00168001231
2002,00065066505
2003,00085056605
2004,00024230110
2005,00689112201
2006,54569384900
2007,00004694003
2008,55390040320
2009,00591040701
2010,00904052560
2011,59148002150
2012,00168006015
2013,54569241100
2014,63323007620
2015,00074395977
2016,67425000210
2017,00703443411
2018,54162050001
2019,00406112201
2020,67618030011
2021,49938010101
2022,00087036503
2023,59676031001
2024,49502068524
2025,58468008001
2026,00009037301
2027,00075291502
2028,00487590101
2029,00456261263
2030,00406851501
2031,00074146301
2032,59772246302
2033,00121053205
2034,00173040000
2035,00456045801
2036,00121068305
2037,00300364101
2038,00074141005
2039,68084024711
2040,00378001801
2041,63459054128
2042,00054881501
2043,24208050510
2044,00121048910
2045,00338001702
2046,63653133203
2047,17714001110
2048,54391005009
2049,00009513502
2050,00409468823
2051,00074679922
2052,00904125061
2053,63304055201
2054,55390003110
2055,00034549006
2056,15330009406
2057,51079074520
2058,51079059820
2059,00258368990
2060,00026285548
2061,62161000538
2062,11701005032
2063,63739008901
2064,68462035901
2065,00074492834
2066,00003173840
2067,53905099101
2068,00008058107
2069,00406055201
2070,16500002322
2071,61958060201
2072,00703003104
2073,00074144304
2074,00781320995
2075,55390050002
2076,00781320695
2077,00472032126
2078,00378005201
2079,10019003539
2080,00145430001
2081,00049277041
2082,60505258700
2083,63323028565
2084,00089014910
2085,00149000705
2086,51079043520
2087,21695000230
2088,00597004660
2089,00054865024
2090,00677168201
2091,51079057201
2092,00064065001
2093,64980010401
2094,87701089415
2095,00074401390
2096,00185072001
2097,00378012901
2098,50111032501
2099,50458030001
2100,00409610204
2101,51079087020
2102,57664027408
2103,59676010101
2104,00008103006
2105,00409490234
2106,00054329450
2107,00054859511
2108,10939086311
2109,16590047704
2110,00173051900
2111,57664017508
2112,54868397600
2113,00409477702
2114,59762501501
2115,51079089920
2116,00173069100
2117,00006022761
2118,00074509216
2119,00015356302
2120,49999016850
2121,54482014407
2122,00575620030
2123,00781310395
2124,51079009420
2125,00364074090
2126,00409724101
2127,63323037601
2128,00338004804
2129,00703040402
2130,00026066420
2131,00009076004
2132,00472097716
2133,50419015057
2134,67286081203
2135,00024059010
2136,00703450204
2137,00536354101
2138,00009337502
2139,63323054201
2140,00074231660
2141,00904770418
2142,00006074928
2143,00032102301
2144,00074518211
2145,51079028620
2146,00182117089
2147,10135033063
2148,63323018510
2149,00007313705
2150,00143987310
2151,00002831501
2152,00009076502
2153,00074797308
2154,00074198510
2155,00591319101
2156,63739026915
2157,00409205105
2158,00006095228
2159,00074125830
2160,51079004120
2161,00378003201
2162,62584072533
2163,51079039620
2164,63323026965
2165,00032192482
2166,00536016097
2167,00173054700
2168,17478071110
2169,54868476800
2170,00023866505
2171,68546031730
2172,00597019061
2173,63459060010
2174,51079074720
2175,00149000905
2176,00078035934
2177,00074128301
2178,00009770901
2179,00904404073
2180,54569466100
2181,00026858188
2182,59630020010
2183,00074104004
2184,51079087320
2185,00074491134
2186,00998063006
2187,57706075560
2188,60505083404
2189,59762503301
2190,74300000533
2191,00168001631
2192,00781340495
2193,59148000835
2194,00186012201
2195,00597000160
2196,00067399842
2197,63323029766
2198,00338040903
2199,61314020415
2200,00009361702
2201,51079008520
2202,00071400810
2203,10019051002
2204,00186021003
2205,15456098004
2206,00904563561
2207,62584078833
2208,51079066820
2209,00781711155
2210,00031067364
2211,59148000735
2212,00781317414
2213,00409403101
2214,00409329906
2215,00003218710
2216,00338001304
2217,00186077739
2218,79511050204
2219,64764015105
2220,65649023141
2221,00078008406
2222,10019010210
2223,38485120401
2224,00049317030
2225,00173032188
2226,00074321302
2227,00013111410
2228,00078024815
2229,52604710403
2230,00087003231
2231,24208079062
2232,66993010702
2233,00054839224
2234,60505258500
2235,00469087130
2236,00002416502
2237,00009513503
2238,00121063810
2239,00008083701
2240,00026884148
2241,00173059500
2242,00517250210
2243,00049392083
2244,00031782463
2245,51672402201
2246,51079000222
2247,00574010777
2248,00178061001
2249,00078031190
2250,00591577710
2251,00469065773
2252,61553020648
2253,00034050510
2254,00703441211
2255,00536391801
2256,00781893285
2257,51079041520
2258,68462014645
2259,00054808425
2260,00075291201
2261,00026855463
2262,00781144213
2263,68084008165
2264,62037087130
2265,51079020620
2266,66302010101
2267,00548909010
2268,00409176230
2269,00781188313
2270,00002324033
2271,00186580030
2272,50419035510
2273,00004012549
2274,00904385561
2275,00075245201
2276,00338022104
2277,68084007965
2278,00034700480
2279,13310015307
2280,00009023301
2281,59148000613
2282,00002850101
2283,51479004210
2284,62856068010
2285,00409909431
2286,00430302015
2287,00121065721
2288,00007401020
2289,51079007220
2290,00904585461
2291,00065065435
2292,50242010039
2293,49884079474
2294,00078032705
2295,59011045401
2296,00456046201
2297,10019002518
2298,39822015101
2299,00005927029
2300,00054009920
2301,00548146900
2302,63481068706
2303,00186109205
2304,63323038310
2305,00052073110
2306,00064100133
2307,65649030303
2308,00049011528
2309,60505082306
2310,00258363801
2311,00074714811
2312,63323065820
2313,00083002730
2314,00023917705
2315,52959045230
2316,00182055589
2317,54569439800
2318,54569470200
2319,66213042510
2320,61703041463
2321,00516009201
2322,00009000402
2323,55390000501
2324,51079012420
2325,00597006861
2326,66658023428
2327,64764024060
2328,00409663734
2329,00002411733
2330,00591071601
2331,00051002121
2332,00048104013
2333,61553018352
2334,00597006761
2335,00338008504
2336,00074793124
2337,54092000401
2338,24477032302
2339,60258015101
2340,63323016101
2341,51079097020
2342,60505251903
2343,51079095120
2344,51079051920
2345,00078040134
2346,00310030022
2347,66758001604
2348,17478010112
2349,00004024009
2350,00078034184
2351,24208091019
2352,51079069120
2353,52604109401
2354,10038011734
2355,11098003005
2356,00172531210
2357,54868255700
2358,00378910493
2359,00186107509
2360,12496075701
2361,00517037510
2362,00173047100
2363,10019002805
2364,58016069000
2365,00781197501
2366,00409120301
2367,00121053005
2368,54162055007
2369,00536480101
2370,62584075101
2371,00597004661
2372,00045025301
2373,00168027338
2374,51674000901
2375,00703315401
2376,00071053040
2377,00093874101
2378,00008092355
2379,00187000714
2380,00517265025
2381,51079055271
2382,67159011203
2383,00085043104
2384,58160083501
2385,53746014101
2386,54092000301
2387,55390010901
2388,51079007320
2389,00185075710
2390,00003517806
2391,00703292503
2392,55390006210
2393,00517031010
2394,00049396041
2395,00172438210
2396,64764054411
2397,00065064835
2398,00056051030
2399,00944270007
2400,00007315613
2401,00186108839
2402,66553000801
2403,00026886148
2404,51079006001
2405,51079089520
2406,17314850101
2407,00078001715
2408,00074568113
2409,00904027760
2410,64679093602
2411,00056017275
2412,00517090125
2413,00006353750
2414,00074380611
2415,00517040525
2416,51079068420
2417,00310037851
2418,00172443160
2419,00004007901
2420,00075062281
2421,10019087315
2422,51079007020
2423,00006351659
2424,00409125830
2425,00075062430
2426,00008451001
2427,00536126296
2428,00574705050
2429,00093514001
2430,00641061025
2431,00597007541
2432,00703270403
2433,00904565661
2434,00049276041
2435,10019005561
2436,00074428202
2437,00641227741
2438,00703514001
2439,00069077038
2440,00386000103
2441,00023024001
2442,10939033733
2443,00409115170
2444,65473070401
2445,00037440101
2446,00904198861
2447,00006494300
2448,00003161412
2449,00310013239
2450,00054315440
2451,00049344019
2452,00034180080
2453,00703505401
2454,00008005910
2455,00206845455
2456,00469305130
2457,00032420511
2458,00083006132
2459,00904016012
2460,00074729501
2461,68084003101
2462,00409739172
2463,00143988125
2464,63739026110
2465,63323016501
2466,00173049800
2467,00053767006
2468,51079000220
2469,51079088120
2470,00009045003
2471,00088177849
2472,00172496058
2473,45802005435
2474,00053768002
2475,60505265400
2476,00186011291
2477,11980080103
2478,00054449625
2479,00245018101
2480,00019481604
2481,59366279103
2482,49281000950
2483,51079072420
2484,51079000320
2485,50383081016
2486,00436515110
2487,10019002710
2488,68084006501
2489,55513002801
2490,00065026625
2491,62584071301
2492,66479053002
2493,50383023210
2494,00054881611
2495,59762153005
2496,50242005121
2497,48102000811
2498,61570042001
2499,00574200202
2500,51079052420
2501,00299383528
2502,62161000334
2503,51479004901
2504,00904552261
2505,00003224011
2506,00071035024
2507,00048113013
2508,49281029110
2509,00182008601
2510,00074176230
2511,00501410507
2512,65597010330
2513,00088177947
2514,55390061320
2515,61314004475
2516,49999074704
2517,63323049089
2518,59390018650
2519,00186000431
2520,54868175201
2521,59075068010
2522,64116003906
2523,37205098869
2524,00069311019
2525,00085140201
2526,00074325503
2527,00517481010
2528,00004691106
2529,51079009020
2530,49702020718
2531,00338027203
2532,11980002205
2533,51079098120
2534,00071080540
2535,61703030916
2536,00173072100
2537,00121043130
2538,00029321013
2539,50458030711
2540,00006007228
2541,00143178701
2542,54162060002
2543,00074245107
2544,00078040215
2545,00409263450
2546,00074241512
2547,51079080720
2548,51079013320
2549,68094050361
2550,00075006037
2551,00074110202
2552,00378720001
2553,56184012105
2554,67253020110
2555,00074118701
2556,00054811616
2557,10019017644
2558,00054023755
2559,63653133202
2560,00168008130
2561,51079086920
2562,00378447201
2563,00031867412
2564,00044182210
2565,00078032306
2566,63459010101
2567,00083007932
2568,00597007575
2569,00904563161
2570,00904506260
2571,00002727125
2572,00173075600
2573,55045122403
2574,00075020062
2575,00054884504
2576,00536338101
2577,00456320563
2578,51079008220
2579,00091464024
2580,68850001202
2581,00074647844
2582,65649020175
2583,51079008320
2584,00006007428
2585,00007323001
2586,61570030031
2587,51079076820
2588,55390016110
2589,00185021001
2590,59148000813
2591,00548301200
2592,51479004215
2593,00310030050
2594,52544092226
2595,00536119001
2596,00173037934
2597,00074165801
2598,00143987201
2599,00247120004
2600,00173066200
2601,58406000201
2602,00944262004
2603,51079089320
2604,55289078860
2605,51079001920
2606,00078042315
2607,00905180410
2608,72140003147
2609,58016074000
2610,59676034001
2611,00009007301
2612,68094019359
2613,00003042950
2614,00025274234
2615,59762502601
2616,00406717162
2617,00006336703
2618,51079096620
2619,00574012004
2620,51079072120
2621,00536623772
2622,54868348000
2623,50458022001
2624,00172433010
2625,66479056012
2626,51079095720
2627,00049278041
2628,51079084020
2629,51079022220
2630,66689032350
2631,00065064305
2632,00074437805
2633,00172566310
2634,00517481025
2635,00536376701
2636,00054348254
2637,00034120081
2638,00409131701
2639,59627000103
2640,58177032418
2641,00003063441
2642,00168005430
2643,61314022605
2644,55513014410
2645,00409126130
2646,63323022930
2647,00149073402
2648,00006340617
2649,00186001628
2650,59011010325
2651,00469760040
2652,00338051141
2653,00074115170
2654,00065063136
2655,00008078102
2656,63323001115
2657,00069098038
2658,00641141035
2659,00087081943
2660,51079098020
2661,00574011215
2662,00004196501
2663,50242006101
2664,00574012174
2665,00904580861
2666,00009000202
2667,00009514001
2668,00093528401
2669,00597000302
2670,00338071134
2671,00054812025
2672,51672200306
2673,59762501601
2674,00409779362
2675,10432006501
2676,00555900942
2677,00781304095
2678,00074258702
2679,68094021762
2680,51672126705
2681,00456261563
2682,50242005306
2683,00517460525
2684,00026066430
2685,60505260400
2686,00056001170
2687,00904582460
2688,24208075006
2689,63323061710
2690,00409978901
2691,00009361803
2692,00409477723
2693,00013830304
2694,00089081521
2695,00766150020
2696,00009005002
2697,24208068615
2698,00002411230
2699,00087607311
2700,00074395646
2701,00093894093
2702,59572010512
2703,00186033001
2704,11098050701
2705,00456402063
2706,58016066890
2707,54569102500
2708,51079080820
2709,00555027102
2710,00054007928
2711,00406052710
2712,00172364910
2713,00364205101
2714,10019003867
2715,00409477886
2716,00591084501
2717,00093026292
2718,51079063320
2719,24208032405
2720,00075062301
2721,00046086699
2722,00074007402
2723,59930156001
2724,58468012601
2725,00168006460
2726,00703565301
2727,00015322022
2728,00135051101
2729,00436094616
2730,00555058901
2731,00300154430
2732,00781627043
2733,00074131702
2734,00087277331
2735,61703022521
2736,00517857510
2737,33332000801
2738,68084008901
2739,00078035834
2740,63323038910
2741,00078033806
2742,00781210401
2743,13533061803
2744,00044182512
2745,62584074601
2746,68084033701
2747,00168001135
2748,00004026001
2749,00904517416
2750,00009307303
2751,00781312495
2752,60574411301
2753,51079037420
2754,00003515406
2755,60505250403
2756,67386061152
2757,10019002703
2758,52959005500
2759,00641049325
2760,00409405101
2761,60793011701
2762,63323036920
2763,00067033062
2764,60258011130
2765,00143978510
2766,68850001001
2767,00172428010
2768,00310027239
2769,00904624261
2770,00054353244
2771,58914015575
2772,00008083703
2773,00006093628
2774,00074792337
2775,00186198904
2776,53169010501
2777,49999004830
2778,00071170316
2779,00052010730
2780,00641041025
2781,00093312301
2782,00054017613
2783,50458003705
2784,00173037835
2785,10939020111
2786,68084028401
2787,00029152722
2788,62175044214
2789,00074660902
2790,00781144113
2791,58406062307
2792,00075062160
2793,00025145134
2794,00456066270
2795,00085124402
2796,00039001910
2797,00074233411
2798,00054872625
2799,51479004704
2800,68094020462
2801,00004110116
2802,00173069700
2803,00075905110
2804,00045152510
2805,00054335050
2806,00186190501
2807,00006057143
2808,00045009569
2809,00168008930
2810,00091353701
2811,00766145010
2812,00781711455
2813,51079008920
2814,00071035060
2815,00802396216
2816,51079047821
2817,00074454801
2818,00074780922
2819,63459040401
2820,55390009110
2821,17314931102
2822,00168031230
2823,00406991816
2824,00173051700
2825,00173056900
2826,00054010625
2827,00049002428
2828,00409330803
2829,00597013560
2830,00300304611
2831,53905006504
2832,00487950125
2833,00074206605
2834,44087152001
2835,66435010142
2836,10019003574
2837,00781573413
2838,00168000315
2839,61314065625
2840,00074307331
2841,00781100813
2842,17478015142
2843,00338055002
2844,00032449201
2845,50383063550
2846,00904586761
2847,00409724803
2848,60977001701
2849,00074663722
2850,51079010220
2851,59676030401
2852,76336045517
2853,00517260225
2854,00074233326
2855,00085045804
2856,63323030201
2857,60432013325
2858,61314034202
2859,00088115003
2860,00003052411
2861,00173038701
2862,51672201502
2863,00074714913
2864,00088250033
2865,55390034810
2866,63323014210
2867,00074909332
2868,55390006002
2869,63323022905
2870,00002324001
2871,00338004303
2872,00182000101
2873,17236032410
2874,00338004931
2875,00517305025
2876,00015740320
2877,00026858231
2878,00074567304
2879,17191003500
2880,55499120401
2881,00904213761
2882,00173069504
2883,00003161112
2884,00054009720
2885,00045050130
2886,00186037220
2887,00186109239
2888,00338102341
2889,60258000601
2890,10223020101
2891,00074621411
2892,00054000725
2893,00008002707
2894,24385080701
2895,00024107501
2896,00024159601
2897,00703005104
2898,48102000735
2899,00074744501
2900,00015798120
2901,00173026427
2902,00904777261
2903,59366274201
2904,00007521006
2905,00006351936
2906,00074323601
2907,51079075520
2908,00781104701
2909,00088110749
2910,00536185097
2911,00264196510
2912,50242013468
2913,00065003508
2914,00409427602
2915,64116003106
2916,00004081095
2917,00338001731
2918,00056017075
2919,59676030301
2920,00364290861
2921,00731040106
2922,00338070341
2923,00536454410
2924,51079052220
2925,00456067299
2926,00005230933
2927,00555076202
2928,00998020615
2929,00004082009
2930,00338917791
2931,00172375810
2932,00168005815
2933,00009001201
2934,10019011501
2935,00006337666
2936,62756051344
2937,66591091332
2938,00002861501
2939,00071015640
2940,00121046230
2941,00781197201
2942,00378911693
2943,00006015030
2944,00281032608
2945,00135019502
2946,00004014401
2947,87701083336
2948,00007411713
2949,11980001105
2950,00256015201
2951,00002445385
2952,00126008802
2953,00904272561
2954,00085138507
2955,00083000330
2956,00078043815
2957,51079052920
2958,00173011318
2959,00245004101
2960,00472040115
2961,00168005546
2962,51079058620
2963,58468010001
2964,65473098004
2965,00054315540
2966,00074665305
2967,00173068254
2968,00002821501
2969,00015301238
2970,00088177749
2971,00078036815
2972,66758000802
2973,61570018601
2974,62584073301
2975,00245005301
2976,00025273231
2977,00004026501
2978,00004035009
2979,54868596800
2980,67546011132
2981,00597018590
2982,00085061305
2983,65197000101
2984,00597018461
2985,50458092510
2986,00054858516
2987,00032421011
2988,52959058605
2989,00009003928
2990,00173044602
2991,00008536002
2992,43068011304
2993,00338081104
2994,00074329406
2995,63323022110
2996,50111030801
2997,00048114013
2998,60977011202
2999,11980046925
3000,00074104008
3001,00062401002
3002,00173099501
3003,00093022290
3004,00054465025
3005,00074245351
3006,10019028001
3007,00777512058
3008,00074125901
3009,00173044600
3010,63323026201
3011,37205014472
3012,00641092825
3013,00713010113
3014,00065008515
3015,00054022463
3016,54627050230
3017,00781155613
3018,00168020130
3019,54569272600
3020,58768088115
3021,00008070401
3022,00008070402
3023,00054877605
3024,51655007924
3025,00597003212
3026,00121168305
3027,00045152010
3028,00409427902
3029,00527172874
3030,51079012620
3031,00904292461
3032,63323027810
3033,00054839424
3034,00023031204
3035,51079020020
3036,66591018442
3037,00093310793
3038,00998035515
3039,63739024610
3040,00310075590
3041,00409212202
3042,50419010510
3043,51079053120
3044,00517113001
3045,00338068704
3046,00781707787
3047,55513054601
3048,63323030656
3049,67386050155
3050,00338004904
3051,00591557101
3052,00536242558
3053,00026855236
3054,54569138500
3055,00781613694
3056,00186011201
3057,00002144401
3058,00603478221
3059,00904628061
3060,55390013910
3061,00009347501
3062,00264751020
3063,00536127096
3064,00641236541
3065,00168000815
3066,00009307301
3067,00029321548
3068,00145150405
3069,00054870825
3070,00085125902
3071,51672208001
3072,59676032001
3073,00409158302
3074,00258368890
3075,63323004401
3076,00132000119
3077,65649030103
3078,65473069701
3079,00409116202
3080,00065024610
3081,00003080110
3082,00245006101
3083,00409653301
3084,00597006111
3085,00004026129
3086,00074410401
3087,00074712611
3088,57480043401
3089,52604341601
3090,00409651049
3091,50458030206
3092,00052073112
3093,00074798301
3094,00044101725
3095,00766150010
3096,00054817925
3097,00603385621
3098,00015733812
3099,10019002803
3100,50484052730
3101,55390013020
3102,00378032701
3103,00087003244
3104,66582041428
3105,60976034647
3106,62701080001
3107,63323061401
3108,00045025549
3109,00065027505
3110,00054873725
3111,00034121030
3112,00078017605
3113,54569151300
3114,10019069102
3115,00054873925
3116,11098003002
3117,00015302020
3118,37205036174
3119,00029320613
3120,00781523864
3121,00527155201
3122,46287001401
3123,51479004115
3124,00168000715
3125,00074377805
3126,08881200441
3127,63323010351
3128,62584025901
3129,00074163802
3130,51079041720
3131,00054418425
3132,00703485211
3133,00074148402
3134,00008070101
3135,61314064725
3136,00456261390
3137,00264780020
3138,62584081301
3139,00074227913
3140,00075062040
3141,00338604648
3142,10019014501
3143,51479004601
3144,10148010200
3145,59762503001
3146,68774012060
3147,00004018809
3148,60574411401
3149,00006074961
3150,00074228831
3151,00409910420
3152,00078048535
3153,00002050101
3154,00007414120
3155,51079013020
3156,00034051425
3157,00075062161
3158,00054817525
3159,00172438310
3160,00168001531
3161,00338067504
3162,52769025105
3163,58914050056
3164,00006007131
3165,00182168189
3166,00409302401
3167,00132010803
3168,55390003010
3169,00074403101
3170,19810000790
3171,55566840101
3172,58406042534
3173,00338003003
3174,00003097252
3175,54396011111
3176,00013110679
3177,00186033036
3178,00067033022
3179,10019007002
3180,00078005303
3181,63323029730
3182,00182264789
3183,00026819636
3184,00093748520
3185,55390023210
3186,63857032810
3187,51079095220
3188,00078049471
3189,10019003783
3190,00703680104
3191,00517420125
3192,00071000740
3193,00074771503
3194,00186074382
3195,00603385521
3196,00409492834
3197,00173020155
3198,00025152531
3199,54738091301
3200,11098001001
3201,00093519974
3202,63323028110
3203,00472037015
3204,51991041702
3205,00003059320
3206,49643013801
3207,60976059871
3208,61703040841
3209,00472040015
3210,00338002304
3211,61314063305
3212,00299382060
3213,51079082120
3214,00054834625
3215,51079045420
3216,00074405201
3217,00074131230
3218,00006482700
3219,00074381901
3220,00074227811
3221,00173017855
3222,44206310110
3223,00093017456
3224,00075001600
3225,00007440701
3226,00085057102
3227,54569364400
3228,00003196401
3229,50458039060
3230,50242006401
3231,00182125989
3232,00182441801
3233,00186070210
3234,63323036820
3235,52152001902
3236,00187301330
3237,00069266041
3238,54569018100
3239,00015050541
3240,08290301025
3241,00006362803
3242,00048106003
3243,00182853489
3244,00781104613
3245,49452192001
3246,45802005535
3247,50419005030
3248,60432021208
3249,63323073101
3250,64764030115
3251,00048580701
3252,00591048701
3253,00206845216
3254,52959036100
3255,68084004501
3256,00517750425
3257,00186013501
3258,00007506111
3259,66302020603
3260,76329301205
3261,28105014904
3262,00074318301
3263,00168014231
3264,00713052612
3265,00093947753
3266,60793011501
3267,00085052503
3268,00781345295
3269,63323023861
3270,00585067502
3271,00536252525
3272,00409386302
3273,00409217205
3274,00026851248
3275,59148000216
3276,00024156210
3277,00049345019
3278,00904600161
3279,10019001501
3280,00071015892
3281,00641036925
3282,51079029220
3283,54092024701
3284,60574411201
3285,00003029305
3286,10019016312
3287,00008103105
3288,00074419701
3289,00186024044
3290,00085173302
3291,11026263804
3292,58016032730
3293,51079007420
3294,55513012610
3295,61958060101
3296,50474059540
3297,63323025803
3298,00093519501
3299,00039022211
3300,00409509216
3301,55390056090
3302,00009337501
3303,00185019301
3304,53746027101
3305,00067400101
3306,00641047725
3307,63304065325
3308,00013258691
3309,00004080285
3310,51079033530
3311,00003161212
3312,00074492134
3313,00409159304
3314,53489036801
3315,00007411719
3316,00015050842
3317,55289075130
3318,54868534800
3319,00121050410
3320,00338012504
3321,00069073166
3322,00206885216
3323,54569108800
3324,00074125801
3325,50383074120
3326,59676032004
3327,00074180001
3328,00172438110
3329,49884029812
3330,27434003185
3331,18006333453
3332,00406048462
3333,37205036374
3334,00555061214
3335,00093721201
3336,65197000201
3337,00071036524
3338,55289061401
3339,00054408425
3340,51079002720
3341,00074929613
3342,00007489020
3343,00091440123
3344,43825010201
3345,87701071218
3346,00406839062
3347,43068010602
3348,51079045820
3349,00703468501
3350,00003256016
3351,00409648201
3352,00469352530
3353,08290823000
3354,00409379501
3355,00172428510
3356,51079043420
3357,00007336721
3358,00049343526
3359,00409020120
3360,00074245327
3361,00172433260
3362,16837086012
3363,23731605305
3364,00472038115
3365,00472173803
3366,00028010561
3367,00409148402
3368,55513047810
3369,00023918703
3370,00007489120
3371,00009006412
3372,00002841501
3373,00078001633
3374,00006009268
3375,00015054841
3376,00008072801
3377,74312001370
3378,00008121801
3379,00641149535
3380,00555077002
3381,55390004210
3382,00093026415
3383,61748001211
3384,59439045502
3385,00418024510
3386,00074712613
3387,00074792201
3388,51079001420
3389,63323016505
3390,66689036430
3391,00372000604
3392,00002322930
3393,00087607211
3394,00904525530
3395,00085174701
3396,00245015401
3397,00364217301
3398,00039010411
3399,12547015012
3400,00187355410
3401,00074158411
3402,00054023524
3403,00007323211
3404,68546014256
3405,51672125902
3406,49281048991
3407,55045141500
3408,00005381638
3409,51079002320
3410,24208027715
3411,17478020020
3412,00395421010
3413,49884002901
3414,00173066100
3415,63739002401
3416,00299383545
3417,00121475210
3418,00083232062
3419,00172474110
3420,49281054505
3421,00338085104
3422,00071015723
3423,61703041807
3424,00904598061
3425,00004029809
3426,00713016550
3427,00173069502
3428,00115211101
3429,00409339732
3430,00034051525
3431,67386031001
3432,00186103201
3433,50458059601
3434,59676056201
3435,00024059120
3436,00703280403
3437,00009361703
3438,00641245045
3439,57480030001
3440,00781132813
3441,51079019020
3442,51079063220
3443,50458030510
3444,00186103401
3445,00186013701
3446,00781103410
3447,33332001101
3448,00173045900
3449,00023031304
3450,45802073233
3451,61958040101
3452,51079058001
3453,51645090501
3454,00087040203
3455,00078038725
3456,00054848204
3457,00186091542
3458,00173057000
3459,51079060220
3460,68084008601
3461,00310075139
3462,00409419701
3463,00074115112
3464,00172567410
3465,00378699789
3466,00299382045
3467,00029485121
3468,00172572810
3469,51079097520
3470,00078033931
3471,00517490525
3472,00078010901
3473,00008103008
3474,10019048202
3475,00338069104
3476,54569454303
3477,58160084111
3478,57664013565
3479,00781210301
3480,00378622001
3481,00062543001
3482,00517003125
3483,59075059215
3484,00071015623
3485,59762093002
3486,52544093102
3487,00024115510
3488,49884090738
3489,00409405001
3490,00409477750
3491,00054829816
3492,00173045301
3493,00004001823
3494,67781025101
3495,59011010310
3496,60432046608
3497,00088117547
3498,00004110150
3499,51079087220
3500,00008084199
3501,00074659413
3502,00998061505
3503,00998030305
3504,00049397041
3505,00472040030
3506,00091353201
3507,00517381025
3508,61553008348
3509,00904530661
3510,00023916330
3511,00186035003
3512,55390003710
3513,00007414020
3514,68734070010
3515,51479005520
3516,00083005932
3517,00074612290
3518,00071053240
3519,51079076708
3520,00078018101
3521,00024279150
3522,55390005210
3523,58980061030
3524,00054375150
3525,55513053010
3526,51079043620
3527,00300334601
3528,00054819316
3529,00006027528
3530,00088120329
3531,00003362412
3532,00075062041
3533,00069080760
3534,00074177825
3535,00378912198
3536,00006362835
3537,00149075202
3538,00006489400
3539,51079075620
3540,68516521402
3541,49884046565
3542,54569475100
3543,00074156410
3544,54092018980
3545,00074455211
3546,00327001105
3547,24090047188
3548,00045081015
3549,00009376103
3550,61703022321
3551,00781164413
3552,00338004902
3553,00115821101
3554,00054853416
3555,24477001015
3556,00023031207
3557,00075291501
3558,00087076102
3559,00029320713
3560,00068059701
3561,00223197101
3562,54838000530
3563,00245010450
3564,61748004416
3565,00182055489
3566,00409741803
3567,00536407701
3568,00074317801
3569,54569407300
3570,00054884816
3571,60505068104
3572,00641244045
3573,00087057202
3574,55370088408
3575,00075770060
3576,00456201063
3577,00093008801
3578,58160087346
3579,66203230001
3580,00074706811
3581,63323061603
3582,64894082550
3583,00409492134
3584,51079082020
3585,54868021500
3586,51079076608
3587,00074379501
3588,00049319028
3589,00045064265
3590,00074131202
3591,51079012520
3592,00074665106
3593,68084027801
3594,51079097320
3595,49669521303
3596,00300304613
3597,51079020320
3598,00310075239
3599,51285069702
3600,00074298905
3601,00093720198
3602,44206043605
3603,00338050741
3604,00904504561
3605,00172428610
3606,51079016120
3607,00131541070
3608,12539011501
3609,49884055001
3610,00172524160
3611,00555095202
3612,51479004801
3613,50111032703
3614,51284062022
3615,00048109013
3616,00054834525
3617,00173066101
3618,00364301247
3619,49281086052
3620,00206845525
3621,00093031101
3622,00998035415
3623,00173067200
3624,00409401101
3625,50111098601
3626,00083006332
3627,00069420030
3628,00078049561
3629,00007447120
3630,00062542637
3631,55390012301
3632,57844052206
3633,00677000301
3634,00409651001
3635,00074724101
3636,00472159591
3637,00009019016
3638,00338011704
3639,49281000610
3640,54569101800
3641,54868311105
3642,50474000148
3643,00173073001
3644,00054813104
3645,66758004401
3646,66490069110
3647,00037043001
3648,63323026920
3649,10147088106
3650,00087606005
3651,00024030506
3652,00121053107
3653,11980004815
3654,54569041702
3655,54092038101
3656,54569527900
3657,00087075501
3658,00068050861
3659,00172439018
3660,51079007520
3661,00054008826
3662,00143988225
3663,59741030912
3664,00074621702
3665,63481037710
3666,00591321901
3667,59572030250
3668,00677084601
3669,63459050430
3670,08290002191
3671,00185027101
3672,00225029515
3673,55390047510
3674,50458057810
3675,00409741903
3676,00074407532
3677,00065064725
3678,00085093381
3679,51079080220
3680,00074241612
3681,00074438220
3682,00078033184
3683,00168001131
3684,49281029810
3685,00004026948
3686,00074739172
3687,00132010915
3688,00338355248
3689,00071036240
3690,00074707013
3691,00456068801
3692,60505258400
3693,10139090510
3694,63323065210
3695,54092041808
3696,54092038701
3697,00172571010
3698,63323032520
3699,58281056301
3700,55390009010
3701,00074621511
3702,00781143713
3703,00054874025
3704,51079045020
3705,00074648101
3706,00006092558
3707,00008070102
3708,00071052740
3709,00409230801
3710,58468466301
3711,00002750201
3712,00186045028
3713,00034051725
3714,55390088010
3715,33332001201
3716,66860090203
3717,00006046106
3718,55045213405
3719,00052046002
3720,58768010002
3721,00078034161
3722,63323054011
3723,00003043730
3724,59011010525
3725,00002759701
3726,62617051520
3727,24208039407
3728,00143120125
3729,49884049901
3730,00006384371
3731,00258371101
3732,00182844789
3733,00245016212
3734,00591315901
3735,00054121842
3736,51079054320
3737,50458003505
3738,67386041151
3739,00597008214
3740,00045006801
3741,00766146010
3742,00074630413
3743,55513002304
3744,00078027422
3745,00093730165
3746,00074158302
3747,00081027255
3748,50242006201
3749,59762503201
3750,00074488810
3751,51079002420
3752,55390010110
3753,68387029330
3754,00173013093
3755,51079078920
3756,00009011319
3757,58468013001
3758,00182864389
3759,00186014001
3760,63323039306
3761,00002411533
3762,00378616001
3763,00054376950
3764,49884011701
3765,66479052101
3766,00338068304
3767,52604512501
3768,58468470901
3769,00006021468
3770,00087667417
3771,51079066520
3772,00078037742
3773,00091371501
3774,00338001710
3775,00009316906
3776,00078035906
3777,00536222075
3778,58914050156
3779,00378015601
3780,52604800206
3781,00338004903
3782,00182070389
3783,00168000380
3784,61553019648
3785,68180020203
3786,55390010810
3787,00013010201
3788,54868459500
3789,00074909461
3790,00781176413
3791,00031425064
3792,00338051802
3793,62584078201
3794,24477003025
3795,51660078401
3796,49281040010
3797,00131247735
3798,00044182310
3799,00093078405
3800,51079098620
3801,51079058820
3802,63323051610
3803,10019016301
3804,00056016975
3805,00517293025
3806,00338004901
3807,00713013512
3808,00904150161
3809,10019004502
3810,00009017103
3811,00009041701
3812,00555059001
3813,51079098501
3814,00008021201
3815,51672404709
3816,60793013601
3817,00074114102
3818,00168021560
3819,00025171001
3820,00904627761
3821,00597005801
3822,50458030503
3823,00004691206
3824,58768078815
3825,00087607005
3826,00009338201
3827,00703951403
3828,00517077010
3829,00378026101
3830,00085057502
3831,59075061530
3832,00472037115
3833,00085177701
3834,00703841104
3835,00078031905
3836,50458003405
3837,00074582010
3838,63304082790
3839,00472038045
3840,24208045725
3841,00065074112
3842,63323024710
3843,00603545921
3844,50458003605
3845,51079000620
3846,00409792337
3847,52959067430
3848,00009001104
3849,51079028520
3850,51285053422
3851,00009003101
3852,00173038879
3853,61570041601
3854,00173094755
3855,10135011930
3856,00085073604
3857,61314001601
3858,00597003112
3859,00338114403
3860,64253022233
3861,00045065910
3862,64764045125
3863,55390007001
3864,00904420260
3865,54569536200
3866,00168004046
3867,00074127332
3868,00065041435
3869,00081027455
3870,00363069338
3871,00472073041
3872,00406206890
3873,50419051106
3874,00338268975
3875,00074662502
3876,00641039525
3877,78112001103
3878,00186430100
3879,00054802525
3880,55390003310
3881,00029315913
3882,10019004604
3883,00074318813
3884,00143125401
3885,50458060128
3886,00024008401
3887,68084004401
3888,00068027761
3889,00002475977
3890,17314585102
3891,45802075930
3892,00168002638
3893,00998031515
3894,00071108813
3895,53489033001
3896,51079028120
3897,60574310101
3898,00009338901
3899,00143147501
3900,00310032130
3901,00597007506
3902,00115703301
3903,00006057354
3904,00006498100
3905,00071101268
3906,00026286148
3907,00904591361
3908,54838054070
3909,00068051030
3910,58406005030
3911,00378037301
3912,55390005401
3913,00015740520
3914,00131248035
3915,00182616840
3916,51672127406
3917,61958030101
3918,00071015540
3919,00078044705
3920,00258368790
3921,54569482100
3922,00003362312
3923,64894080550
3924,00173047001
3925,00039022311
3926,00071041724
3927,00641139735
3928,00703239403
3929,00093003901
3930,49502069703
3931,51079026720
3932,63323010510
3933,51079029920
3934,00078031706
3935,00884044904
3936,17478071012
3937,00364049690
3938,00074915701
3939,00173094955
3940,17478028712
3941,00078011022
3942,24208043405
3943,54569473400
3944,63323012250
3945,00182027124
3946,00703301513
3947,00004018301
3948,53014054867
3949,63824000840
3950,00069098030
3951,00264197800
3952,51079008420
3953,00409672903
3954,00173033602
3955,00009513601
3956,00074630411
3957,62436052330
3958,00904792260
3959,00087665201
3960,00071201223
3961,50458029001
3962,00087060942
3963,68152010100
3964,50458055010
3965,00069581043
3966,37000002104
3967,00409428201
3968,00591534710
3969,63323018001
3970,00046110081
3971,57866422403
3972,00536467801
3973,00641036725
3974,51079022120
3975,63459020001
3976,24571010305
3977,10356009004
3978,49452760002
3979,17714002001
3980,00245018001
3981,49938010230
3982,00338105102
3983,00310020137
3984,62794010150
3985,67386080202
3986,00085172202
3987,00005010441
3988,00143145801
3989,00008030302
3990,00069153041
3991,51079081120
3992,49281075221
3993,00093538506
3994,51079038620
3995,51079063120
3996,00034051625
3997,00781210201
3998,61113074228
3999,00009521301
4000,33332001001
4001,00517501901
4002,49884072401
4003,00168016230
4004,00131422009
4005,00517490125
4006,00121054410
4007,00781711255
4008,00409665106
4009,00091415060
4010,00013010111
4011,00085132801
4012,00378204201
4013,51079081220
4014,00591321472
4015,59148000235
4016,50458030101
4017,10019003372
4018,62856024541
4019,10019002902
4020,50458030104
4021,24208058060
4022,00074131201
4023,00228249710
4024,00182144464
4025,00591571401
4026,00168007011
4027,00025146134
4028,67457021720
4029,00007323411
4030,00049399041
4031,00056047492
4032,00002714001
4033,54092025390
4034,00071023724
4035,00781200001
4036,67286081201
4037,52544071601
4038,59762024603
4039,54569035301
4040,00172433360
4041,00409180001
4042,61787006204
4043,00074258611
4044,51079029420
4045,00093874001
4046,00074380511
4047,00074173214
4048,60793001114
4049,00056017375
4050,59762306003
4051,00003196501
4052,17478071310
4053,55390003410
4054,63323001302
4055,00024155001
4056,00703102930
4057,62584014201
4058,00338001602
4059,64125012101
4060,60505008000
4061,00048102003
4062,00409141005
4063,54569188401
4064,00078035806
4065,51079003920
4066,50458058601
4067,18860067870
4068,00052044115
4069,00078044905
4070,00054355663
4071,00004201509
4072,61570011201
4073,54868479600
4074,51079058205
4075,39822904501
4076,53489046101
4077,00338001308
4078,00555081502
4079,00264196210
4080,00149075215
4081,00904357161
4082,51079028220
4083,50111085101
4084,00005921823
4085,59075069010
4086,00904597361
4087,00338080704
4088,51079042820
4089,55390014710
4090,00338027003
4091,10157992002
4092,00998020315
4093,55390056510
4094,63395020113
4095,61570014610
4096,00049162030
4097,51079075920
4098,00781137113
4099,50242013460
4100,00074212202
4101,51079048120
4102,00904056060
4103,00024120020
4104,00258369090
4105,25208000202
4106,51079033230
4107,00008029501
4108,00006351935
4109,60267060066
4110,00409357701
4111,00168014630
4112,00641041425
4113,00575022530
4114,10019063101
4115,00088222033
4116,00904399061
4117,00172376010
4118,00087611142
4119,00009311602
4120,00173010856
4121,00378912298
4122,00009454101
4123,00004080085
4124,52604341701
4125,00093117201
4126,51079076220
4127,00597003334
4128,54569468300
4129,62584089701
4130,63739027201
4131,11980021105
4132,00591040401
4133,50458029515
4134,00469065711
4135,00143119550
4136,00009075801
4137,00085036207
4138,10019021302
4139,00054800204
4140,00044502210
4141,54868416700
4142,00310037951
4143,00023114501
4144,59075068110
4145,00409434673
4146,62756035664
4147,10019002802
4148,00173080725
4149,51079060120
4150,00074438010
4151,11509021265
4152,00006371350
4153,00006026706
4154,63323064907
4155,54569328200
4156,00074781124
4157,00006362050
4158,55513007330
4159,63629377401
4160,10939003722
4161,00456261490
4162,51672125802
4163,58016030000
4164,00064212008
4165,00032121201
4166,00338080304
4167,49938010201
4168,24208033005
4169,00005535960
4170,00031890163
4171,00083002732
4172,57844018701
4173,00065021535
4174,00009752901
4175,48433023015
4176,51079028320
4177,60793010501
4178,51079088220
4179,00703352401
4180,00071307513
4181,00054327099
4182,00065039605
4183,00186198804
4184,00713010213
4185,00338100702
4186,00310028339
4187,00054874325
4188,00071015823
4189,00085058481
4190,00409190201
4191,00062535101
4192,17478020012
4193,00074567102
4194,00056052168
4195,00008413901
4196,00054002821
4197,00002751101
4198,00004026349
4199,00186021503
4200,67066000501
4201,00245008201
4202,00641040025
4203,00703095803
